"","time","measurement","lower_bound","upper_bound","period"
"1",1,0,0,0,"calibration"
"2",2,0.00389981034973418,0.00388025184065404,0.00392515946880063,"calibration"
"3",3,0.00409305797285295,0.00396614746717268,0.00425417781676614,"calibration"
"4",4,0.00509849609218536,0.00475949643210132,0.00551266921818849,"calibration"
"5",5,0.00694022840743375,0.00625015417491042,0.00777993125719034,"calibration"
"6",6,0.0098446435097607,0.00857848967336737,0.0113457317986889,"calibration"
"7",7,0.0142336367101199,0.0120370229974214,0.0168166088546889,"calibration"
"8",8,0.0207706251611961,0.0170945226383674,0.0251447962293917,"calibration"
"9",9,0.030453901373213,0.0244018723514884,0.0378286287551662,"calibration"
"10",10,0.0447663165036601,0.0349475983809124,0.0568649111589647,"calibration"
"11",11,0.0659015812411245,0.0501388546397104,0.0857083553485088,"calibration"
"12",12,0.0971014782545008,0.0718517634477159,0.129599336559274,"calibration"
"13",13,0.143154668171982,0.102972889403131,0.196193309697944,"calibration"
"14",14,0.210382251024451,0.147687166572017,0.295204082810288,"calibration"
"15",15,0.305877452349928,0.210286390386728,0.434456086037676,"calibration"
"16",16,0.442542915430804,0.298858724040807,0.637548054167756,"calibration"
"17",17,0.639368396693041,0.423699217603327,0.935146302696155,"calibration"
"18",18,0.912633809496023,0.597727384511985,1.34945439252352,"calibration"
"19",19,1.25457784849106,0.839349448748106,1.82850550254937,"calibration"
"20",20,1.69198281285017,1.1701160180415,2.39546176656281,"calibration"
"21",21,2.26617801808411,1.6298742574439,3.10818055791979,"calibration"
"22",22,3.02770959567466,2.26524900496098,4.01107095309701,"calibration"
"23",23,4.04160672663194,3.1455392354317,5.16594598782091,"calibration"
"24",24,5.39321084331128,4.36589282258702,6.65142050312054,"calibration"
"25",25,7.19518971101595,6.05303313560648,8.59491434114616,"calibration"
"26",26,9.59627851778674,8.37433318644076,11.051527638754,"calibration"
"27",27,12.7921489813575,11.4799091694248,14.2448105198086,"calibration"
"28",28,17.0387396083736,15.6437001888149,18.5556708984927,"calibration"
"29",29,22.0819443277659,20.4025976334734,23.9251194277382,"calibration"
"30",30,26.0651477935272,24.0125935183804,28.2588391396414,"calibration"
"31",31,28.9411421565204,26.6153203043511,31.3830547297518,"calibration"
"32",32,31.0811010101038,28.592919417698,33.667479867097,"calibration"
"33",33,32.7233430494886,30.1479025329314,35.4085233683103,"calibration"
"34",34,34.0201581561287,31.4034727624481,36.7476426029833,"calibration"
"35",35,35.0683034489706,32.4380660202401,37.7848577888094,"calibration"
"36",36,35.9287961239547,33.3241120312336,38.5819496681821,"calibration"
"37",37,36.6397556263263,34.0841450407842,39.2638637934707,"calibration"
"38",38,37.2247035533328,34.7223098897997,39.8153650952175,"calibration"
"39",39,37.6980007485613,35.2206444577614,40.2310318192702,"calibration"
"40",40,38.0682800756518,35.649457583293,40.5110580250629,"calibration"
"41",41,38.3407444226276,35.9899909447543,40.7287616355806,"calibration"
"42",42,38.5186546362728,36.2262849220673,40.8466854986565,"calibration"
"43",43,38.6042816102524,36.3679988697819,40.8898374211926,"calibration"
"44",44,38.5995087734001,36.4301903156721,40.8158965764406,"calibration"
"45",45,38.5062438591326,36.3347218949877,40.6760409835815,"calibration"
"46",46,38.326651603442,36.2031241138852,40.4393609467231,"calibration"
"47",47,38.0632929257396,35.9625011127907,40.1350859430435,"calibration"
"48",48,37.719198785811,35.6450142281462,39.7698551636239,"calibration"
"49",49,37.2978830429893,35.2598971408813,39.3507322803101,"calibration"
"50",50,36.8033213180086,34.7760261922427,38.8492051228239,"calibration"
"51",51,36.2399395956827,34.2178643230324,38.2865606436675,"calibration"
"52",52,35.6125238766018,33.620792811139,37.6382806160989,"calibration"
"53",53,34.9262082905206,32.970208705697,36.9077386866677,"calibration"
"54",54,34.1863610240109,32.2595086208492,36.1534362840055,"calibration"
"55",55,33.3985296474781,31.5006080607634,35.3371230540723,"calibration"
"56",56,32.5683809493968,30.702784051497,34.464441827802,"calibration"
"57",57,31.7015869083611,29.8626134593848,33.5807156906905,"calibration"
"58",58,30.8037852537731,29.0007823749964,32.6732110385384,"calibration"
"59",59,29.8805269892998,28.0980901878303,31.7310002738526,"calibration"
"60",60,28.9372149539802,27.1862877707461,30.7321655040393,"calibration"
"61",61,27.9790510067041,26.2576466231354,29.7107408738779,"calibration"
"62",62,27.0109972577106,25.316250960072,28.6927976588098,"calibration"
"63",63,26.037741667753,24.3820671622493,27.6643121705755,"calibration"
"64",64,25.0636713742265,23.4492370216928,26.6448237107303,"calibration"
"65",65,24.0928545064515,22.5288008599704,25.6432661023165,"calibration"
"66",66,23.1290237629723,21.6124100741003,24.6267762212983,"calibration"
"67",67,22.1755750113053,20.7155363905178,23.6408549596306,"calibration"
"68",68,21.2355608417005,19.8183129314798,22.6726662940268,"calibration"
"69",69,20.3116953225549,18.9411056229421,21.7131777243061,"calibration"
"70",70,19.4063606584917,18.0845738869494,20.7573018785279,"calibration"
"71",71,18.5216156432469,17.2588180881664,19.8208674061288,"calibration"
"72",72,17.6592107473873,16.4424294673523,18.9174120795116,"calibration"
"73",73,16.8206089244142,15.642679154372,18.0265950473847,"calibration"
"74",74,16.0069989549397,14.8747067375155,17.1756947029056,"calibration"
"75",75,15.2193125079503,14.1274750252772,16.3408073683331,"calibration"
"76",76,14.4582447590303,13.4142529046739,15.5293232572246,"calibration"
"77",77,13.7242754928405,12.722929953732,14.7601452671967,"calibration"
"78",78,13.0176886199043,12.0531939652926,14.0261914170873,"calibration"
"79",79,12.338590992398,11.4216498814191,13.3141552498803,"calibration"
"80",80,11.6869314716796,10.8052922131629,12.632253109022,"calibration"
"81",81,11.0625191983037,10.219554839067,11.9731703313448,"calibration"
"82",82,10.4650410389607,9.65286347699779,11.3470543726169,"calibration"
"83",83,9.89407802305006,9.10798301558525,10.7479703176863,"calibration"
"84",84,9.34912035788125,8.58830197561408,10.1720415580116,"calibration"
"85",85,8.82958159314878,8.09515954495353,9.6204528414363,"calibration"
"86",86,8.33481166701684,7.62921405589897,9.09881262850318,"calibration"
"87",87,7.86410878818668,7.18070470400967,8.5999405984598,"calibration"
"88",88,7.41673063577068,6.7618708134057,8.12302088427498,"calibration"
"89",89,6.99190423060287,6.36281946063232,7.67274234148418,"calibration"
"90",90,6.5888337505854,5.98313444993549,7.24286448857801,"calibration"
"91",91,6.20670938092597,5.62160069342015,6.83253815122657,"calibration"
"92",92,5.84471380060985,5.28234168823947,6.44378290569525,"calibration"
"93",93,5.50202772333391,4.96613397182513,6.07447172963449,"calibration"
"94",94,5.17783539845864,4.66871618512452,5.73193362385503,"calibration"
"95",95,4.87132903634906,4.3818859909261,5.40174461669843,"calibration"
"96",96,4.58171281649178,4.11227321022475,5.09125344844511,"calibration"
"97",97,4.30820603574314,3.85617399947465,4.80170183797246,"calibration"
"98",98,4.05004566453058,3.61498477890933,4.52232020094777,"calibration"
"99",99,3.80648804494946,3.38848445112305,4.25920184238077,"calibration"
"100",100,3.57681146413948,3.17514930653119,4.00991047372077,"calibration"
"101",101,3.36031733465192,2.97695194506631,3.77497730233799,"calibration"
"102",102,3.15633048570283,2.78934372070825,3.55436152501841,"calibration"
"103",103,2.96420038708666,2.61293224435595,3.34775319418063,"calibration"
"104",104,2.78330171696351,2.44701385695568,3.15178076896908,"calibration"
"105",105,2.61303429638892,2.29084189392559,2.96517392012806,"calibration"
"106",106,2.45282293131006,2.14304035059317,2.78988473592451,"calibration"
"107",107,2.3021176381041,2.0045226105082,2.62622822538515,"calibration"
"108",108,2.16039269923423,1.87548816108382,2.47200402122373,"calibration"
"109",109,2.02714716109495,1.75450588054081,2.32294299237098,"calibration"
"110",110,1.90190379825192,1.6415765726885,2.18474322203731,"calibration"
"111",111,1.7842085398146,1.53580917047199,2.05432404734542,"calibration"
"112",112,1.67362976410405,1.43707379882887,1.93085232579641,"calibration"
"113",113,1.56975757379774,1.34381718538256,1.8151432255743,"calibration"
"114",114,1.47220332437417,1.25693611386266,1.70731609923246,"calibration"
"115",115,1.38059863547075,1.17559348925197,1.60488395153364,"calibration"
"116",116,1.29459466062341,1.09934746240123,1.50962579246796,"calibration"
"117",117,1.21386123924374,1.02800819144755,1.41922482449096,"calibration"
"118",118,1.1380861499403,0.961234103049168,1.3341623947412,"calibration"
"119",119,1.06697433679979,0.898337299170908,1.254720782488,"calibration"
"120",120,1.00024718340797,0.83912086468801,1.17946689454017,"calibration"
"121",121,0.937632669827093,0.784468799765682,1.10884800498811,"calibration"
"122",122,0.882147224378916,0.736336666229073,1.04610820362258,"calibration"
"123",123,0.843822322697009,0.703430407957131,1.00223748908261,"calibration"
"124",124,0.819659574881959,0.683546116969444,0.973337990097684,"calibration"
"125",125,0.804931323592231,0.672364055384014,0.954655036432729,"calibration"
"126",126,0.796487472389938,0.666929427845162,0.943392860293073,"calibration"
"127",127,0.792228353845366,0.66554031298528,0.935942619862141,"calibration"
"128",128,0.790755424634114,0.665402384751098,0.933100227664465,"calibration"
"129",129,0.791135688236354,0.667218440112453,0.931591210367225,"calibration"
"130",130,0.792747047088905,0.669588547233963,0.930698672878589,"calibration"
"131",131,0.795175231350575,0.672556696376637,0.932269961332679,"calibration"
"132",132,0.798143489226726,0.676284890806954,0.932559000902938,"calibration"
"133",133,0.801467131786061,0.681476088563824,0.934265348511229,"calibration"
"134",134,0.805022981653616,0.686187552869751,0.936353331286432,"calibration"
"135",135,0.808728668285423,0.691563032487568,0.938338793987003,"calibration"
"136",136,0.812528987777201,0.695887664809993,0.9418473707744,"calibration"
"137",137,0.81638704093831,0.700809135609524,0.945606756725334,"calibration"
"138",138,0.820277941290093,0.705351169561192,0.950288036313884,"calibration"
"139",139,0.824184967125781,0.709724565733234,0.952253318732693,"calibration"
"140",140,0.828096669477164,0.713667729681021,0.956080666028458,"calibration"
"141",141,0.832005167362736,0.718494592610887,0.959382078410635,"calibration"
"142",142,0.835905140443485,0.722568638966192,0.962241104707539,"calibration"
"143",143,0.839792653455694,0.725882505027238,0.965804801150961,"calibration"
"144",144,0.843664981027633,0.72959212302834,0.969085841881503,"calibration"
"145",145,0.847519882802574,0.733067335046724,0.97213484918517,"calibration"
"146",146,0.851355782687143,0.736896599596219,0.975799137924565,"calibration"
"147",147,0.855171790059384,0.740586413388917,0.978442063704398,"calibration"
"148",148,0.858966140190856,0.743714628325574,0.981663354884103,"calibration"
"149",149,0.862738626774925,0.746020171604283,0.986706709471048,"calibration"
"150",150,0.866488037557891,0.748356491504848,0.991348523081973,"calibration"
"151",151,0.870214623971281,0.751232747495806,0.994798394245487,"calibration"
"152",152,0.87391546719533,0.754712479594286,1.00139556215032,"calibration"
"153",153,0.877591213386603,0.756771743085676,1.006735579164,"calibration"
"154",154,0.881241052784483,0.759006497443312,1.01160660132587,"calibration"
"155",155,0.884864275638584,0.761269434322435,1.01602597860895,"calibration"
"156",156,0.888460049205123,0.763754842044216,1.01963674004138,"calibration"
"157",157,0.892027712005633,0.76576922119707,1.02580977568152,"calibration"
"158",158,0.895567304628125,0.76808266804681,1.03203528242223,"calibration"
"159",159,0.899076785239922,0.77007209699504,1.0366268433959,"calibration"
"160",160,0.902556114520735,0.771528491813649,1.04341879255069,"calibration"
"161",161,0.906004592910885,0.771353192611832,1.04950298834324,"calibration"
"162",162,0.909421668323658,0.771820472246469,1.05569456878534,"calibration"
"163",163,0.91280646365961,0.772493600151483,1.06195214447798,"calibration"
"164",164,0.916158409291334,0.773293744125806,1.06783911422003,"calibration"
"165",165,0.919476806825539,0.773397466900838,1.07482099621113,"calibration"
"166",166,0.92276099490453,0.774031909666519,1.08026048419963,"calibration"
"167",167,0.926010235157578,0.774410791694925,1.08583140218276,"calibration"
"168",168,0.92922389794693,0.774625738860215,1.0921219991797,"calibration"
"169",169,0.932401352396299,0.774533790835386,1.09958869409713,"calibration"
"170",170,0.935541851871715,0.774637934336738,1.10621401235866,"calibration"
"171",171,0.938644749051871,0.773726743163439,1.11206672730839,"calibration"
"172",172,0.941709376662091,0.773324289022599,1.11769996622982,"calibration"
"173",173,0.944735050382114,0.773936318548033,1.12344125192219,"calibration"
"174",174,0.947721209957858,0.774130996213302,1.13172090794028,"calibration"
"175",175,0.950667012854636,0.773856214559072,1.13803943699342,"calibration"
"176",176,0.953571923930109,0.77304006281442,1.14382245257458,"calibration"
"177",177,0.956435199276889,0.772210386709673,1.14969351720022,"calibration"
"178",178,0.959256412938087,0.770747035901775,1.15560622307944,"calibration"
"179",179,0.962034645027768,0.769014277899555,1.16248332545009,"calibration"
"180",180,0.964769371403135,0.767189202507962,1.16808472543242,"calibration"
"181",181,0.967459929769658,0.766591275062137,1.17475156381229,"calibration"
"182",182,0.970105728890817,0.765089983695441,1.18022445169543,"calibration"
"183",183,0.972706155146374,0.763576606873778,1.18613446233907,"calibration"
"184",184,0.975260492970092,0.762481014278757,1.19224692161478,"calibration"
"185",185,0.977772781332701,0.759882117198885,1.19858193196984,"calibration"
"186",186,0.980668962291702,0.759252469474791,1.20518664429684,"calibration"
"187",187,0.985417755124041,0.762055789743454,1.21341917695534,"calibration"
"188",188,0.991761152970215,0.768151882617019,1.22255459599382,"calibration"
"189",189,0.999175598500311,0.773478490917375,1.23124206275462,"calibration"
"190",190,1.00731439700966,0.780630690977517,1.24142573823816,"calibration"
"191",191,1.01594804056814,0.788329657326085,1.25101170613918,"calibration"
"192",192,1.02492404941535,0.798052452447297,1.26103018878763,"calibration"
"193",193,1.03414144562721,0.805107146771388,1.27197972613481,"calibration"
"194",194,1.04353316014376,0.816368385776343,1.28495183816876,"calibration"
"195",195,1.05305432920828,0.826289466173745,1.29636667682624,"calibration"
"196",196,1.06267496591098,0.836266575301693,1.30977734753905,"calibration"
"197",197,1.07237491121969,0.846482967539202,1.32248319721705,"calibration"
"198",198,1.08214023263872,0.854773646365794,1.33497863035855,"calibration"
"199",199,1.09196168722051,0.861483632217983,1.34792355972901,"calibration"
"200",200,1.10183233275019,0.870633205682833,1.36028519526,"calibration"
"201",201,1.11174737760535,0.87852447732422,1.374868912412,"calibration"
"202",202,1.12170324562317,0.887049884761171,1.3895997105366,"calibration"
"203",203,1.13169719587796,0.893573043203668,1.40437890889815,"calibration"
"204",204,1.14172694757735,0.898490267374467,1.41863663539648,"calibration"
"205",205,1.15178972661614,0.902660744504391,1.43369923405352,"calibration"
"206",206,1.16188554239626,0.908221782685189,1.45194753028954,"calibration"
"207",207,1.17201047405924,0.912876036275515,1.46928892450724,"calibration"
"208",208,1.18216402410225,0.917448314243069,1.48631428318939,"calibration"
"209",209,1.19234336194878,0.92346745739726,1.50112877838759,"calibration"
"210",210,1.20254802104481,0.927741096751765,1.51850158991713,"calibration"
"211",211,1.21277596180268,0.931227381485479,1.53526378428863,"calibration"
"212",212,1.22302545342874,0.935747680206265,1.54969681653085,"calibration"
"213",213,1.23329564764411,0.939692957136589,1.57540394245761,"calibration"
"214",214,1.24358409879965,0.944988500444498,1.59996296760921,"calibration"
"215",215,1.25388886527499,0.947495344465796,1.62361422349893,"calibration"
"216",216,1.26420841898922,0.952484896251963,1.64643610450509,"calibration"
"217",217,1.27454062561691,0.953905610961345,1.66825752982473,"calibration"
"218",218,1.28488372116989,0.955665429400688,1.6951519627485,"calibration"
"219",219,1.2952356577343,0.958540759869885,1.72544783908353,"calibration"
"220",220,1.30560961205675,0.960240478521683,1.74869000981041,"calibration"
"221",221,1.32467157993742,0.971393163373887,1.77657554146214,"calibration"
"222",222,1.38175781871924,1.02011087181646,1.8438655774803,"calibration"
"223",223,1.47359621368086,1.10056659347691,1.94348813414178,"calibration"
"224",224,1.59226250989874,1.20964052938691,2.07039204925567,"calibration"
"225",225,1.73349611183164,1.34137266427146,2.22042900002531,"calibration"
"226",226,1.89531667033979,1.49509155807158,2.38678976121493,"calibration"
"227",227,2.07718734867098,1.6653168992147,2.57760324091542,"calibration"
"228",228,2.27951169833408,1.85564634131835,2.79080717767042,"calibration"
"229",229,2.50333006566715,2.0678586018296,3.02403474156248,"calibration"
"230",230,2.75014252450171,2.29832002557345,3.27129266468077,"calibration"
"231",231,3.02180399521092,2.55202220725718,3.56784971913678,"calibration"
"232",232,3.32046541851888,2.82461247577982,3.88142110122214,"calibration"
"233",233,3.64854413718824,3.10439870566761,4.25121088000797,"calibration"
"234",234,4.00870855274595,3.41304049404347,4.66604110634428,"calibration"
"235",235,4.40387191875642,3.73749869703827,5.13172601196925,"calibration"
"236",236,4.8372414446942,4.08537439745776,5.6754554571271,"calibration"
"237",237,5.27566652342421,4.40853455639711,6.2347590448202,"calibration"
"238",238,5.59606498919347,4.65833266418754,6.63685796735048,"calibration"
"239",239,5.80814975415256,4.83345335964282,6.89813524579105,"calibration"
"240",240,5.94692124773816,4.95219943019224,7.04789027186384,"calibration"
"241",241,6.03582386942843,5.04013451699561,7.13395628299628,"calibration"
"242",242,6.09057036098784,5.10347446089679,7.17638544425292,"calibration"
"243",243,6.12168715887984,5.14970033542596,7.18600152332658,"calibration"
"244",244,6.13624592684353,5.18220273341221,7.1781546876488,"calibration"
"245",245,6.13899339205338,5.20676461595302,7.15452064968567,"calibration"
"246",246,6.13312425160958,5.22054762504929,7.11980500557211,"calibration"
"247",247,6.12079272403395,5.23866892259581,7.07171519900148,"calibration"
"248",248,6.10345841334216,5.2525600655283,7.01791030612715,"calibration"
"249",249,6.08211299373749,5.26322006071441,6.96327116573868,"calibration"
"250",250,6.05743755297663,5.25186243062967,6.90800497515955,"calibration"
"251",251,6.02990411165748,5.24726262656138,6.860216927438,"calibration"
"252",252,5.9998448101207,5.2459719220152,6.80570472058311,"calibration"
"253",253,5.96750050817,5.24060598210285,6.74048361440681,"calibration"
"254",254,5.93304815939877,5.23410082469249,6.67979571945693,"calibration"
"255",255,5.89662509241548,5.216420493283,6.61630333429076,"calibration"
"256",256,5.85834085108107,5.19037417431605,6.56461529740898,"calibration"
"257",257,5.81828748173207,5.16009418010647,6.52069429728165,"calibration"
"258",258,5.77654504843725,5.12907826834128,6.47890390756874,"calibration"
"259",259,5.73318654328999,5.08384657076099,6.41813103682534,"calibration"
"260",260,5.68828116658498,5.04048649891304,6.35956010533533,"calibration"
"261",261,5.64189240253171,4.98785968770977,6.31684618918062,"calibration"
"262",262,5.59408437310384,4.94204343526556,6.2812483626254,"calibration"
"263",263,5.54492039752159,4.89004233423509,6.23560270414321,"calibration"
"264",264,5.49446066256978,4.83903617426474,6.19959565032176,"calibration"
"265",265,5.44276667445231,4.77337724596564,6.14942278526528,"calibration"
"266",266,5.38990030476104,4.71126056496994,6.10533247839198,"calibration"
"267",267,5.33592231448286,4.64410330804138,6.05568379032156,"calibration"
"268",268,5.28089425950599,4.57172196567174,6.01407193821915,"calibration"
"269",269,5.22487707558362,4.50082727610734,5.9877635893533,"calibration"
"270",270,5.16793162480052,4.43161278381568,5.94052361451954,"calibration"
"271",271,5.11011840065372,4.35969376180987,5.8966831357868,"calibration"
"272",272,5.0514976539368,4.28433946123847,5.85154414538831,"calibration"
"273",273,4.99212862662616,4.2061939731454,5.81255778651595,"calibration"
"274",274,4.93207084772107,4.12955867016441,5.77190677606003,"calibration"
"275",275,4.87138266485558,4.05106638684421,5.73523350253537,"calibration"
"276",276,4.81010515661137,3.97959488860522,5.69163122739269,"calibration"
"277",277,4.76052464193851,3.91895483951234,5.65714486156653,"calibration"
"278",278,4.76260515991319,3.91295520554547,5.66424911104019,"calibration"
"279",279,4.8088131875095,3.9626674102684,5.71049803935839,"calibration"
"280",280,4.88445883812258,4.05317969646215,5.77355801181521,"calibration"
"281",281,4.97997423424172,4.16704973568341,5.85724734369136,"calibration"
"282",282,5.08910950349405,4.28895758856822,5.94961266637473,"calibration"
"283",283,5.20777449310913,4.42222925310946,6.04933089751622,"calibration"
"284",284,5.33327931169717,4.56337619107364,6.15125220331337,"calibration"
"285",285,5.46384311625269,4.70052564283919,6.25797198408482,"calibration"
"286",286,5.59827028644091,4.8460507307008,6.36918326872622,"calibration"
"287",287,5.73574738075718,4.99521376224454,6.49628631930198,"calibration"
"288",288,5.8757044600704,5.14209707083082,6.63313061134917,"calibration"
"289",289,6.01772729389414,5.28900781626028,6.76824614422316,"calibration"
"290",290,6.1615007714018,5.42864041043759,6.91995269913697,"calibration"
"291",291,6.30676912002345,5.56363622814551,7.06983850953569,"calibration"
"292",292,6.45331484527321,5.69619166599416,7.22797125207496,"calibration"
"293",293,6.60093951333995,5.81937599298977,7.40529420201349,"calibration"
"294",294,6.74945495140775,5.93776036221349,7.58377141964267,"calibration"
"295",295,6.89867841827383,6.05555889009984,7.77002754068224,"calibration"
"296",296,7.04842544826413,6.15388645503282,7.96352672917317,"calibration"
"297",297,7.1985062752801,6.24216164936682,8.17846152879867,"calibration"
"298",298,7.34872841210273,6.34371679807183,8.37982987988333,"calibration"
"299",299,7.49888888617512,6.42437707692304,8.58927985902127,"calibration"
"300",300,7.64877879201509,6.51533866251939,8.81574977896784,"calibration"
"301",301,7.79820249356155,6.59919835878377,9.04547960022103,"projection"
"302",302,7.99397550764167,6.72655275015452,9.32518029829283,"projection"
"303",303,8.38692887635652,7.0637285915333,9.78200338888352,"projection"
"304",304,8.93336620315295,7.56850222160178,10.365116528642,"projection"
"305",305,9.59155713077813,8.20169169654529,11.0374851303734,"projection"
"306",306,10.3429375884769,8.92847752692728,11.816263513362,"projection"
"307",307,11.1774331234674,9.73813188196119,12.667118119108,"projection"
"308",308,12.0901071721457,10.6347208886351,13.5864678158702,"projection"
"309",309,13.0791609744228,11.6019770110607,14.606297635138,"projection"
"310",310,14.1445966759615,12.6247205901532,15.6954038794616,"projection"
"311",311,15.2874104726372,13.7364960238948,16.8807642406156,"projection"
"312",312,16.5090393021597,14.9004238342116,18.1984181103421,"projection"
"313",313,17.8109848102506,16.0931451230316,19.6317799429362,"projection"
"314",314,19.1945327080265,17.3164061747035,21.2040139540824,"projection"
"315",315,20.6605267444532,18.5637285387061,22.9178930923959,"projection"
"316",316,22.2091816077151,19.836643798769,24.8113455156597,"projection"
"317",317,23.8399051327551,21.1411884454107,26.8494520984579,"projection"
"318",318,25.5511286624874,22.470698408659,29.0051826194456,"projection"
"319",319,27.3401506384124,23.8039651082211,31.284778462484,"projection"
"320",320,29.2029912216639,25.1334744642298,33.7507802812259,"projection"
"321",321,31.1342380442229,26.4767563881264,36.4388587017176,"projection"
"322",322,33.1269270266859,27.8089890325159,39.2520404028905,"projection"
"323",323,35.1724541389964,29.1372133577595,42.2019365171087,"projection"
"324",324,37.2604944038961,30.4862017710197,45.1483421751218,"projection"
"325",325,39.3789643861836,31.7855626774608,48.2561007014624,"projection"
"326",326,41.5140374001999,33.0901359336297,51.3953022615094,"projection"
"327",327,43.6502093383033,34.4117103926243,54.6483525037658,"projection"
"328",328,45.7704222001104,35.6829411443109,57.9343283255022,"projection"
"329",329,47.856253967628,36.9040194581872,61.2487512789512,"projection"
"330",330,49.8881720986027,38.0341122226457,64.6365378341454,"projection"
"331",331,51.845857790668,39.1651033722202,67.8416473331391,"projection"
"332",332,53.7085841458568,40.189180301696,70.987733152468,"projection"
"333",333,55.455635280086,41.0787537370226,74.0074823839182,"projection"
"334",334,57.0667764538939,41.9095276178767,76.7394812405072,"projection"
"335",335,58.5227420367002,42.6382482957711,79.3667782790184,"projection"
"336",336,59.8057193469271,43.2369559370497,81.5914225883514,"projection"
"337",337,60.8997958295234,43.7165580188098,83.5031081992638,"projection"
"338",338,61.7913907823979,44.0622547664722,85.052754579293,"projection"
"339",339,62.4696285655534,44.3017386350134,86.007059570689,"projection"
"340",340,62.9266104723702,44.4516433714,87.022141021468,"projection"
"341",341,63.1576116503197,44.4349487935382,87.3580735014194,"projection"
"342",342,63.1611770909525,44.2798306062985,87.4469898631355,"projection"
"343",343,62.9391144623721,44.0868788362786,86.9819672326249,"projection"
"344",344,62.4963959192445,43.7333503369557,86.2379435856727,"projection"
"345",345,61.8409578591847,43.2062340459372,85.0752826616857,"projection"
"346",346,60.983423889375,42.5900240507544,83.563319477655,"projection"
"347",347,59.9367744170009,41.9366076125108,81.7332552506821,"projection"
"348",348,58.715960005917,41.1707864589738,79.6233875219064,"projection"
"349",349,57.3374768693754,40.3515866579244,77.4990619229017,"projection"
"350",350,55.8189524615919,39.4401678443451,75.3801668778103,"projection"
"351",351,54.1787253136133,38.4166189290499,72.9277471998971,"projection"
"352",352,52.4354422550799,37.3672999904769,70.284737660258,"projection"
"353",353,50.6076899120019,36.2305270722184,67.5647263434062,"projection"
"354",354,48.7136677645954,35.0338808902203,64.8600771770391,"projection"
"355",355,46.7709004161932,33.7844529864674,61.8543870066714,"projection"
"356",356,44.7960031654279,32.5595715901566,59.0209657675045,"projection"
"357",357,42.8044966597008,31.3046006704407,56.3641497281495,"projection"
"358",358,40.8106660213661,30.0219367648144,53.5791152262622,"projection"
"359",359,38.8274639147226,28.6894407944556,50.4495412976429,"projection"
"360",360,36.8664652732054,27.407889442934,47.5996529344853,"projection"
"361",361,34.937853331109,26.1501749417023,44.8467111423795,"projection"
"362",362,33.0504279345843,24.9132034211975,42.2278874333777,"projection"
"363",363,31.2116527393589,23.7072256025102,39.6529160134994,"projection"
"364",364,29.4277172078993,22.4854778672831,37.1940695336208,"projection"
"365",365,27.7036098594836,21.2990001613856,34.8038971547337,"projection"
"366",366,26.0432099152812,20.1295006370082,32.6114078456637,"projection"
"367",367,24.4493785374929,19.0280290129666,30.5801002522285,"projection"
"368",368,22.9240624805567,17.9489452529212,28.5606502994753,"projection"
"369",369,21.4683927081762,16.8956883545991,26.6443597326931,"projection"
"370",370,20.0827809387569,15.887103420495,24.9211902150674,"projection"
"371",371,18.7670143764561,14.9419319992002,23.2384030930135,"projection"
"372",372,17.5203457924657,14.0190866282604,21.6171950924708,"projection"
"373",373,16.3415766355994,13.1196319108013,20.1446274284303,"projection"
"374",374,15.2291348254424,12.29517000252,18.7403228604839,"projection"
"375",375,14.1811444639041,11.4760976175638,17.4454401371133,"projection"
"376",376,13.1954902515171,10.6941855201115,16.2688286384079,"projection"
"377",377,12.2698732642695,9.95761089204332,15.1178044750551,"projection"
"378",378,11.4018611529214,9.27270177693958,14.0292893792661,"projection"
"379",379,10.5889318760891,8.62767891382389,13.0102124202574,"projection"
"380",380,9.82851142881163,7.99581900128114,12.1081318155908,"projection"
"381",381,9.11800550334645,7.41166965163504,11.2397755586447,"projection"
"382",382,8.45482644859123,6.85581336405708,10.4232419346227,"projection"
"383",383,7.83641743772784,6.33516860334701,9.68901721275049,"projection"
"384",384,7.26026856358918,5.83103909266913,8.99913208655623,"projection"
"385",385,6.72393353006561,5.36977291488417,8.35794642491228,"projection"
"386",386,6.22504131149264,4.92597126318292,7.75681737231751,"projection"
"387",387,5.76130435917622,4.53088111181692,7.19968640223124,"projection"
"388",388,5.3305259710601,4.16501838292795,6.68590859426013,"projection"
"389",389,4.93060441139039,3.83369884782628,6.20776554458435,"projection"
"390",390,4.55953537243876,3.5188791849602,5.75850567872703,"projection"
"391",391,4.21541310954433,3.22638564219094,5.34782951722166,"projection"
"392",392,3.89643146037028,2.96128109646058,4.97324714266363,"projection"
"393",393,3.60088248623781,2.70420837347276,4.62226796250075,"projection"
"394",394,3.32715448526467,2.46745002081796,4.29279598538317,"projection"
"395",395,3.07373010044909,2.2639390191184,3.98851959228914,"projection"
