Time,Date_reported,New_cases,Cumulative_cases,Newdeaths,Cumulativedeaths
1,02/03/2020,1,1,0,0
2,03/03/2020,,1,0,0
3,04/03/2020,,1,1,1
4,05/03/2020,1,2,0,1
5,06/03/2020,4,6,0,1
6,07/03/2020,7,13,0,1
7,08/03/2020,5,18,0,1
8,09/03/2020,1,19,0,1
9,10/03/2020,2,21,0,1
10,11/03/2020,3,24,0,1
11,12/03/2020,10,34,0,1
12,13/03/2020,9,43,0,1
13,14/03/2020,27,70,1,2
14,15/03/2020,20,90,0,2
15,16/03/2020,39,129,0,2
16,17/03/2020,40,169,1,3
17,18/03/2020,54,223,0,3
18,19/03/2020,69,292,0,3
19,20/03/2020,74,366,0,3
20,21/03/2020,191,557,1,4
21,22/03/2020,126,683,1,5
22,23/03/2020,102,785,3,8
23,24/03/2020,121,906,5,13
24,25/03/2020,219,1125,2,15
25,26/03/2020,204,1329,7,22
26,27/03/2020,235,1564,8,30
27,28/03/2020,255,1819,9,39
28,29/03/2020,302,2121,15,54
29,30/03/2020,294,2415,4,58
30,31/03/2020,210,2625,14,72
31,01/04/2020,285,2910,21,93
32,02/04/2020,325,3235,16,109
33,03/04/2020,212,3447,20,129
34,04/04/2020,402,3849,22,151
35,05/04/2020,424,4273,24,175
36,06/04/2020,331,4604,36,211
37,07/04/2020,390,4994,42,253
38,08/04/2020,865,5859,36,289
39,09/04/2020,365,6224,34,323
40,10/04/2020,464,6688,51,374
41,11/04/2020,705,7393,34,408
42,12/04/2020,696,8089,46,454
43,13/04/2020,839,8928,48,502
44,14/04/2020,727,9655,46,548
45,15/04/2020,992,10647,57,605
46,16/04/2020,831,11478,47,652
47,17/04/2020,1069,12547,50,702
48,18/04/2020,724,13271,51,753
49,19/04/2020,709,13980,43,796
50,20/04/2020,778,14758,54,850
51,21/04/2020,493,15251,45,895
52,22/04/2020,401,15652,39,934
53,23/04/2020,388,16040,39,973
54,24/04/2020,631,16671,44,1017
55,25/04/2020,936,17607,35,1052
56,26/04/2020,577,18184,34,1086
57,27/04/2020,377,18561,48,1134
58,28/04/2020,701,19262,18,1152
59,29/04/2020,386,19648,39,1191
60,30/04/2020,229,19877,21,1212
61,01/05/2020,376,20253,19,1231
62,02/05/2020,359,20612,28,1259
63,03/05/2020,221,20833,28,1287
64,04/05/2020,343,21176,24,1311
65,05/05/2020,330,21506,27,1338
66,06/05/2020,266,21772,25,1363
67,07/05/2020,211,21983,18,1381
68,08/05/2020,265,22248,24,1405
69,09/05/2020,137,22385,29,1434
70,10/05/2020,156,22541,18,1452
71,11/05/2020,219,22760,18,1470
72,12/05/2020,236,22996,14,1484
73,13/05/2020,139,23135,11,1495
74,14/05/2020,107,23242,12,1507
75,15/05/2020,159,23401,6,1513
76,16/05/2020,426,23827,15,1528
77,17/05/2020,129,23956,7,1535
78,18/05/2020,92,24048,14,1549
79,19/05/2020,64,24112,8,1557
80,20/05/2020,88,24200,12,1569
81,21/05/2020,51,24251,9,1578
82,22/05/2020,64,24315,8,1586
83,23/05/2020,76,24391,5,1591
84,24/05/2020,115,24506,5,1596
85,25/05/2020,76,24582,3,1599
86,26/05/2020,57,24639,6,1605
87,27/05/2020,59,24698,5,1610
88,28/05/2020,37,24735,8,1618
89,29/05/2020,68,24803,6,1624
90,30/05/2020,38,24841,4,1628
91,31/05/2020,35,24876,7,1635
92,01/06/2020,53,24929,5,1640
93,02/06/2020,61,24990,5,1645
94,03/06/2020,72,25062,4,1649
95,04/06/2020,4,25066,2,1651
96,05/06/2020,45,25111,2,1653
97,06/06/2020,31,25142,5,1658
98,07/06/2020,21,25163,4,1662
99,08/06/2020,20,25183,3,1665
100,09/06/2020,18,25201,4,1669
101,10/06/2020,6,25207,5,1674
102,11/06/2020,8,25215,3,1677
103,12/06/2020,16,25231,2,1679
104,13/06/2020,7,25238,4,1683
105,14/06/2020,12,25250,2,1685
106,15/06/2020,45,25295,2,1687
107,16/06/2020,8,25303,1,1688
108,17/06/2020,18,25321,2,1690
109,18/06/2020,13,25334,2,1692
110,19/06/2020,7,25341,2,1694
111,20/06/2020,14,25355,3,1697
112,21/06/2020,13,25368,2,1699
113,22/06/2020,6,25374,0,1699
114,23/06/2020,5,25379,0,1699
115,24/06/2020,4,25383,2,1701
116,25/06/2020,8,25391,6,1707
117,26/06/2020,5,25396,1,1708
118,27/06/2020,9,25405,1,1709
119,28/06/2020,9,25414,2,1711
120,29/06/2020,23,25437,1,1712
121,30/06/2020,2,25439,1,1713
122,01/07/2020,23,25462,1,1714
123,02/07/2020,11,25473,2,1716
124,03/07/2020,4,25477,0,1716
125,04/07/2020,12,25489,0,1716
126,05/07/2020,9,25498,3,1719
127,06/07/2020,11,25509,1,1720
128,07/07/2020,18,25527,0,1720
129,08/07/2020,4,25531,1,1721
130,09/07/2020,7,25538,0,1721
131,10/07/2020,4,25542,2,1723
132,11/07/2020,23,25565,0,1723
133,12/07/2020,24,25589,0,1723
134,13/07/2020,22,25611,0,1723
135,14/07/2020,17,25628,0,1723
136,15/07/2020,10,25638,1,1724
137,16/07/2020,32,25670,2,1726
138,17/07/2020,13,25683,2,1728
139,18/07/2020,15,25698,0,1728
140,19/07/2020,32,25730,0,1728
141,20/07/2020,20,25750,1,1729
142,21/07/2020,10,25760,0,1729
143,22/07/2020,6,25766,0,1729
144,23/07/2020,36,25802,0,1729
145,24/07/2020,17,25819,1,1730
146,25/07/2020,7,25826,0,1730
147,26/07/2020,19,25845,1,1731
148,27/07/2020,24,25869,0,1731
149,28/07/2020,12,25881,0,1731
150,29/07/2020,11,25892,0,1731
151,30/07/2020,38,25930,0,1731
152,31/07/2020,12,25942,0,1731
153,01/08/2020,85,26027,1,1732
154,02/08/2020,38,26065,1,1733
155,03/08/2020,44,26109,0,1733
156,04/08/2020,53,26162,0,1733
157,05/08/2020,46,26208,0,1733
158,06/08/2020,45,26253,0,1733
159,07/08/2020,50,26303,0,1733
160,08/08/2020,69,26372,0,1733
161,09/08/2020,98,26470,1,1734
162,10/08/2020,174,26644,1,1735
163,11/08/2020,68,26712,1,1736
164,12/08/2020,56,26768,1,1737
165,13/08/2020,33,26801,0,1737
166,14/08/2020,37,26838,0,1737
167,15/08/2020,91,26929,0,1737
168,16/08/2020,66,26995,0,1737
169,17/08/2020,196,27191,1,1738
170,18/08/2020,66,27257,0,1738
171,19/08/2020,56,27313,0,1738
172,20/08/2020,186,27499,0,1738
173,21/08/2020,48,27547,0,1738
174,22/08/2020,129,27676,1,1739
175,23/08/2020,79,27755,0,1739
176,24/08/2020,153,27908,0,1739
177,25/08/2020,61,27969,0,1739
178,26/08/2020,147,28116,0,1739
179,27/08/2020,85,28201,1,1740
180,28/08/2020,162,28363,0,1740
181,29/08/2020,90,28453,0,1740
182,30/08/2020,126,28579,0,1740
183,31/08/2020,140,28719,0,1740
184,01/09/2020,41,28760,0,1740
185,02/09/2020,51,28811,0,1740
186,03/09/2020,214,29025,0,1740
187,04/09/2020,89,29114,0,1740
188,05/09/2020,92,29206,1,1741
189,06/09/2020,97,29303,0,1741
190,07/09/2020,231,29534,0,1741
191,08/09/2020,138,29672,2,1743
192,09/09/2020,102,29774,1,1744
193,10/09/2020,306,30080,1,1745
194,11/09/2020,84,30164,1,1746
195,12/09/2020,196,30360,0,1746
196,13/09/2020,211,30571,3,1749
197,14/09/2020,159,30730,2,1751
198,15/09/2020,255,30985,1,1752
199,16/09/2020,207,31192,2,1754
200,17/09/2020,357,31549,3,1757
201,18/09/2020,250,31799,2,1759
202,19/09/2020,224,32023,3,1762
203,20/09/2020,248,32271,1,1763
204,21/09/2020,267,32538,0,1763
205,22/09/2020,395,32933,0,1763
206,23/09/2020,188,33121,0,1763
207,24/09/2020,323,33444,2,1765
208,25/09/2020,231,33675,4,1769
209,26/09/2020,319,33994,0,1769
210,27/09/2020,321,34315,2,1771
211,28/09/2020,245,34560,2,1773
212,29/09/2020,430,34990,2,1775
213,30/09/2020,387,35377,0,1775
214,01/10/2020,363,35740,0,1775
215,02/10/2020,415,36155,2,1777
216,03/10/2020,442,36597,2,1779
217,04/10/2020,466,37063,4,1783
218,05/10/2020,605,37668,1,1784
219,06/10/2020,364,38032,2,1786
220,07/10/2020,517,38549,3,1789
221,08/10/2020,424,38973,2,1791
222,09/10/2020,611,39584,1,1792
223,10/10/2020,502,40086,1,1793
224,11/10/2020,617,40703,4,1797
225,12/10/2020,1011,41714,5,1802
226,13/10/2020,817,42531,5,1807
227,14/10/2020,820,43351,2,1809
228,15/10/2020,808,44159,5,1814
229,16/10/2020,1084,45243,4,1818
230,17/10/2020,1186,46429,2,1820
231,18/10/2020,998,47427,5,1825
232,19/10/2020,1251,48678,8,1833
233,20/10/2020,1284,49962,3,1836
234,21/10/2020,1031,50993,4,1840
235,22/10/2020,1263,52256,5,1845
236,23/10/2020,1166,53422,3,1848
237,24/10/2020,1066,54488,5,1853
238,25/10/2020,1851,56339,7,1860
239,26/10/2020,847,57186,5,1865
240,27/10/2020,1020,58206,7,1872
241,28/10/2020,939,59145,5,1877
242,29/10/2020,700,59845,7,1884
243,30/10/2020,667,60512,4,1888
244,31/10/2020,863,61375,8,1896
245,01/11/2020,762,62137,6,1902
246,02/11/2020,397,62534,5,1907
247,03/11/2020,546,63080,4,1911
248,04/11/2020,748,63828,4,1915
249,05/11/2020,298,64126,7,1922
250,06/11/2020,435,64561,6,1928
251,07/11/2020,563,65124,3,1931
252,08/11/2020,492,65616,9,1940
253,09/11/2020,317,65933,6,1946
254,10/11/2020,539,66472,10,1956
255,11/11/2020,265,66737,9,1965
256,12/11/2020,230,66967,2,1967
257,13/11/2020,358,67325,5,1972
258,14/11/2020,385,67710,6,1978
259,15/11/2020,467,68177,1,1979
260,16/11/2020,427,68604,8,1987
261,17/11/2020,377,68981,6,1993
262,18/11/2020,453,69434,11,2004
263,19/11/2020,330,69764,13,2017
264,20/11/2020,372,70136,6,2023
265,21/11/2020,415,70551,3,2026
266,22/11/2020,329,70880,7,2033
267,23/11/2020,341,71221,6,2039
268,24/11/2020,318,71539,6,2045
269,25/11/2020,250,71789,4,2049
270,26/11/2020,219,72008,8,2057
271,27/11/2020,257,72265,3,2060
272,28/11/2020,307,72572,8,2068
273,29/11/2020,205,72777,1,2069
274,30/11/2020,243,73020,14,2083
275,01/12/2020,299,73319,6,2089
276,02/12/2020,303,73622,4,2093
277,03/12/2020,254,73876,8,2101
278,04/12/2020,268,74144,2,2103
279,05/12/2020,162,74306,8,2111
280,06/12/2020,263,74569,5,2116
281,07/12/2020,457,75026,7,2123
282,08/12/2020,298,75324,2,2125
283,09/12/2020,222,75546,4,2129
284,10/12/2020,214,75760,8,2137
285,11/12/2020,218,75978,7,2144
286,12/12/2020,303,76281,4,2148
287,13/12/2020,304,76585,3,2151
288,14/12/2020,249,76834,6,2157
289,15/12/2020,429,77263,5,2162
290,16/12/2020,264,77527,0,2162
291,17/12/2020,327,77854,4,2166
292,18/12/2020,421,78275,3,2169
293,19/12/2020,481,78756,5,2174
294,20/12/2020,576,79332,8,2182
295,21/12/2020,522,79854,7,2189
296,22/12/2020,766,80620,5,2194
297,23/12/2020,725,81345,4,2198
298,24/12/2020,961,82306,4,2202
299,25/12/2020,927,83233,10,2212
300,26/12/2020,918,84151,15,2227
301,27/12/2020,1025,85176,3,2230
302,28/12/2020,1296,86472,7,2237
303,29/12/2020,735,87207,7,2244
304,30/12/2020,765,87972,9,2253
305,31/12/2020,1545,89517,11,2264
306,01/01/2021,1720,91237,6,2270
307,02/01/2021,1620,92857,6,2276
308,03/01/2021,1753,94610,18,2294
309,04/01/2021,3394,98004,8,2302
310,05/01/2021,4961,102965,8,2310
311,06/01/2021,6110,109075,18,2328
312,07/01/2021,5325,114400,19,2347
313,08/01/2021,7832,122232,14,2361
314,09/01/2021,6503,128735,19,2380
315,10/01/2021,8227,136962,19,2399
316,11/01/2021,4843,141805,24,2423
317,12/01/2021,6886,148691,32,2455
318,13/01/2021,4926,153617,44,2499
319,14/01/2021,3052,156669,34,2533
320,15/01/2021,3553,160222,55,2588
321,16/01/2021,3913,164135,56,2644
322,17/01/2021,3491,167626,45,2689
323,18/01/2021,3232,170858,54,2743
324,19/01/2021,2946,173804,61,2804
325,20/01/2021,2117,175921,47,2851
326,21/01/2021,1996,177917,67,2918
327,22/01/2021,2485,180402,59,2977
328,23/01/2021,2598,183000,57,3034
329,24/01/2021,2357,185357,72,3106
330,25/01/2021,1905,187262,61,3167
331,26/01/2021,1370,188632,50,3217
332,27/01/2021,1369,190001,72,3289
333,28/01/2021,928,190929,54,3343
334,29/01/2021,1331,192260,75,3418
335,30/01/2021,1463,193723,74,3492
336,31/01/2021,1247,194970,66,3558
337,01/02/2021,1411,196381,49,3607
338,02/02/2021,1244,197625,54,3661
339,03/02/2021,1006,198631,57,3718
340,04/02/2021,871,199502,77,3795
341,05/02/2021,1006,200508,59,3854
342,06/02/2021,1314,201822,52,3906
343,07/02/2021,1019,202841,40,3946
344,08/02/2021,785,203626,29,3975
345,09/02/2021,1020,204646,45,4020
346,10/02/2021,829,205475,37,4057
347,11/02/2021,543,206018,57,4114
348,12/02/2021,999,207017,46,4160
349,13/02/2021,862,207879,29,4189
350,14/02/2021,919,208798,38,4227
351,15/02/2021,1076,209874,26,4253
352,16/02/2021,786,210660,27,4280
353,17/02/2021,820,211480,29,4309
354,18/02/2021,711,212191,31,4340
355,19/02/2021,638,212829,23,4363
356,20/02/2021,896,213725,34,4397
357,21/02/2021,753,214478,20,4417
358,22/02/2021,978,215456,29,4446
359,23/02/2021,679,216135,17,4463
360,24/02/2021,686,216821,18,4481
361,25/02/2021,557,217378,20,4501
362,26/02/2021,570,217948,26,4527
363,27/02/2021,608,218556,28,4555
364,28/02/2021,773,219329,12,4567
365,01/03/2021,729,220058,16,4583
366,02/03/2021,972,221030,18,4601
367,03/03/2021,321,221351,11,4612
368,04/03/2021,357,221708,14,4626
369,05/03/2021,559,222267,14,4640
370,06/03/2021,460,222727,9,4649
371,07/03/2021,520,223247,14,4663
372,08/03/2021,530,223777,7,4670
373,09/03/2021,520,224297,12,4682
374,10/03/2021,432,224729,7,4689
375,11/03/2021,306,225035,15,4704
376,12/03/2021,631,225666,12,4716
377,13/03/2021,591,226257,5,4721
378,14/03/2021,641,226898,4,4725
379,15/03/2021,538,227436,8,4733
380,16/03/2021,383,227819,11,4744
381,17/03/2021,575,228394,8,4752
382,18/03/2021,347,228741,8,4760
383,19/03/2021,552,229293,11,4771
384,20/03/2021,581,229874,9,4780
385,21/03/2021,510,230384,5,4785
386,22/03/2021,525,230909,5,4790
387,23/03/2021,768,231677,11,4801
388,24/03/2021,520,232197,3,4804
389,25/03/2021,365,232562,1,4805
390,26/03/2021,680,233242,7,4812
391,27/03/2021,594,233836,6,4818
392,28/03/2021,569,234405,10,4828
393,29/03/2021,610,235015,9,4837
394,30/03/2021,604,235619,6,4843
395,31/03/2021,537,236156,5,4848
